person,mean,sd,pctZeros,median,q25,q75,madrs,hads_d,hads_a,asrs,mdq_pos,wurs,bipolar,group
adhd_1,46.59125,93.21807553713901,0.6148611111111111,1.6,0.0,52.6,26.0,2.0,12.0,53.0,1.0,54.0,1.0,adhd
adhd_11,266.44756944444447,408.60510945908067,0.0920138888888889,102.33333333333333,20.333333333333332,330.8333333333333,17.0,0.0,2.0,26.0,0.0,21.0,0.0,adhd
adhd_14,181.56305555555554,295.3784567569999,0.39069444444444446,31.0,0.0,251.05,9.0,0.0,9.0,49.0,0.0,52.0,0.0,adhd
adhd_2,157.2065972222222,263.00375257918034,0.43865740740740744,33.5,0.0,214.16666666666666,11.0,7.0,2.0,62.0,1.0,83.0,0.0,adhd
adhd_20,204.95535714285714,312.1566679907233,0.3391865079365079,62.0,0.42857142857142855,301.7142857142857,5.0,0.0,10.0,42.0,1.0,52.0,0.0,adhd
adhd_21,214.30916666666667,307.9779165967793,0.3398611111111111,78.2,0.0,318.2,12.0,3.0,9.0,60.0,0.0,37.0,0.0,adhd
adhd_26,318.83125,389.6369160956757,0.011805555555555555,191.0,27.0,452.0,9.0,10.0,9.0,46.0,1.0,57.0,1.0,adhd
adhd_3,486.2642361111111,622.5417643082943,0.20902777777777778,264.0,12.5,747.0833333333334,6.0,0.0,8.0,60.0,0.0,72.0,1.0,adhd
adhd_41,361.60497685185186,483.4898646737133,0.3247685185185185,173.33333333333334,0.0,530.2916666666666,15.0,6.0,11.0,54.0,0.0,88.0,0.0,adhd
adhd_43,235.79872685185185,326.984800497386,0.2824074074074074,84.16666666666667,1.0,371.25,14.0,8.0,8.0,50.0,0.0,48.0,0.0,adhd
adhd_45,120.4042824074074,242.14900149709692,0.5525462962962963,24.333333333333332,0.625,139.0,12.0,3.0,14.0,53.0,0.0,64.0,0.0,adhd
adhd_48,366.55960648148147,445.1750949284456,0.3350694444444444,180.33333333333334,0.0,619.75,12.0,4.0,15.0,40.0,0.0,50.0,0.0,adhd
adhd_49,276.02534722222225,387.5833287574892,0.28391203703703705,122.5,0.0,373.8333333333333,3.0,1.0,2.0,10.0,0.0,10.0,0.0,adhd
adhd_5,61.22027777777778,89.15349739100921,0.37583333333333335,24.8,3.0,83.3,28.0,5.0,10.0,56.0,1.0,60.0,1.0,adhd
adhd_51,202.68703703703704,372.60728011294395,0.1596064814814815,23.166666666666668,4.0,213.33333333333334,10.0,4.0,11.0,55.0,1.0,58.0,1.0,adhd
adhd_52,279.2133101851852,478.3884054721545,0.36747685185185186,66.33333333333333,0.0,342.2916666666667,29.0,5.0,14.0,42.0,0.0,41.0,1.0,adhd
adhd_55,222.66481481481483,342.4719195323872,0.3533564814814815,65.41666666666667,0.0,309.3333333333333,7.0,3.0,7.0,40.0,0.0,30.0,0.0,adhd
adhd_58,268.11168981481484,418.1010914053504,0.23229166666666667,58.916666666666664,2.0,372.5416666666667,15.0,6.0,14.0,42.0,0.0,75.0,0.0,adhd
adhd_59,347.00347222222223,434.6989688473808,0.34479166666666666,168.5,0.0,550.5,5.0,0.0,7.0,55.0,1.0,53.0,1.0,adhd
adhd_60,257.7496031746032,428.6301430273833,0.42678571428571427,30.428571428571427,0.0,372.42857142857144,28.0,8.0,20.0,68.0,1.0,56.0,1.0,adhd
adhd_63,220.0156746031746,350.5565817984988,0.40634920634920635,34.0,0.0,312.39285714285717,5.0,0.0,5.0,49.0,0.0,25.0,0.0,adhd
adhd_65,313.07025462962963,459.62785038783477,0.3361111111111111,121.91666666666667,0.0,465.5,0.0,2.0,5.0,38.0,0.0,34.0,0.0,adhd
adhd_68,230.3207175925926,327.3009285867376,0.33298611111111115,81.91666666666667,0.0,339.0,22.0,12.0,9.0,39.0,1.0,48.0,0.0,adhd
adhd_71,232.36157407407407,374.23441172323265,0.2849537037037037,69.0,0.6666666666666666,290.9166666666667,11.0,6.0,8.0,38.0,0.0,45.0,0.0,adhd
adhd_72,216.02569444444444,315.996135835184,0.3183531746031746,92.35714285714286,12.857142857142858,284.57142857142856,10.0,5.0,5.0,28.0,0.0,25.0,0.0,adhd
adhd_74,235.44884259259257,400.2648746553052,0.43113425925925924,30.0,0.0,320.0,9.0,2.0,3.0,42.0,0.0,40.0,0.0,adhd
adhd_75,318.1189236111111,451.88386944296644,0.33975694444444443,140.25,0.0,464.5,11.0,2.0,8.0,51.0,0.0,60.0,0.0,adhd
adhd_77,193.38805555555555,265.6946840906356,0.4220833333333333,87.2,0.0,288.8,4.0,5.0,6.0,40.0,1.0,21.0,0.0,adhd
adhd_8,150.79583333333332,249.59762343114036,0.3689814814814815,38.666666666666664,0.0,196.83333333333334,19.0,4.0,17.0,63.0,1.0,70.0,1.0,adhd
adhd_83,329.1138888888889,507.41213994384015,0.35983796296296294,97.33333333333333,0.0,470.0833333333333,25.0,7.0,17.0,37.0,1.0,43.0,1.0,adhd
adhd_84,85.24382716049382,114.23412239030014,0.3429012345679012,48.111111111111114,13.38888888888889,109.30555555555556,18.0,3.0,10.0,44.0,0.0,30.0,0.0,adhd
adhd_85,138.11972222222224,224.12313433105942,0.3844444444444445,33.8,0.0,179.6,18.0,13.0,12.0,57.0,1.0,62.0,1.0,adhd
adhd_87,246.83854166666666,387.9790697095986,0.3814814814814815,73.16666666666667,0.0,349.5,23.0,6.0,8.0,42.0,0.0,36.0,0.0,adhd
adhd_88,148.3546296296296,255.12194214759987,0.4011574074074074,34.666666666666664,1.1666666666666667,183.0,16.0,12.0,16.0,62.0,1.0,88.0,0.0,adhd
adhd_91,175.83392857142857,267.8114009864752,0.3368055555555555,54.92857142857143,0.0,245.0,22.0,9.0,14.0,46.0,1.0,59.0,1.0,adhd
adhd_92,228.0388888888889,374.5692103902547,0.402199074074074,46.416666666666664,0.0,312.1666666666667,9.0,0.0,12.0,54.0,1.0,60.0,1.0,adhd
adhd_94,197.91652777777776,320.67107872916426,0.4184722222222222,37.2,0.0,276.6,21.0,12.0,18.0,59.0,0.0,83.0,0.0,adhd
adhd_95,229.58831018518518,318.6733989230989,0.3986111111111111,81.83333333333333,0.0,370.2916666666667,14.0,4.0,9.0,55.0,1.0,26.0,1.0,adhd
adhd_97,169.31319444444446,292.83121121337285,0.44733796296296297,15.083333333333334,0.0,214.875,7.0,0.0,4.0,63.0,0.0,63.0,0.0,adhd
clinical_10,62.86909722222222,97.85413297666888,0.39453125,19.0,4.625,90.25,16.0,5.0,10.0,38.0,0.0,42.0,0.0,clinical
clinical_101,243.86851851851853,384.9203851740392,0.38981481481481484,60.0,0.0,363.9583333333333,10.0,11.0,15.0,46.0,0.0,6.0,1.0,clinical
clinical_104,332.10300925925924,424.8969094208846,0.32071759259259264,147.83333333333334,0.0,538.2916666666666,10.0,2.0,8.0,49.0,1.0,32.0,1.0,clinical
clinical_105,282.0425,494.19369093987007,0.46291666666666664,15.7,0.0,396.0,20.0,5.0,9.0,22.0,0.0,35.0,0.0,clinical
clinical_15,385.0891203703704,409.72395363387756,0.018055555555555557,275.5833333333333,13.75,640.3333333333334,19.0,7.0,17.0,46.0,0.0,59.0,1.0,clinical
clinical_18,194.44523809523807,290.47326069861407,0.3574404761904762,58.857142857142854,0.6785714285714286,275.57142857142856,37.0,13.0,11.0,52.0,1.0,43.0,1.0,clinical
clinical_22,154.2423611111111,266.5612086062393,0.378125,38.583333333333336,0.0,187.16666666666666,12.0,3.0,3.0,6.0,0.0,5.0,0.0,clinical
clinical_23,337.7207175925926,389.0403652549896,0.2690972222222222,212.83333333333334,8.708333333333334,540.8333333333334,24.0,12.0,7.0,43.0,1.0,56.0,1.0,clinical
clinical_24,44.350833333333334,71.74067755520953,0.37958333333333333,19.4,4.4,52.55,12.0,1.0,0.0,29.0,0.0,16.0,0.0,clinical
clinical_30,175.6184027777778,242.29747556809824,0.36712962962962964,64.16666666666667,0.0,274.8333333333333,28.0,13.0,13.0,15.0,0.0,30.0,0.0,clinical
clinical_31,186.8167438271605,284.47652964083835,0.396141975308642,59.666666666666664,1.6666666666666667,252.11111111111111,4.0,1.0,2.0,53.0,0.0,28.0,0.0,clinical
clinical_33,121.10138888888889,254.69955114651353,0.3609953703703704,13.333333333333334,2.0,94.54166666666667,25.0,6.0,16.0,32.0,0.0,32.0,0.0,clinical
clinical_34,133.42395833333333,207.21519555642786,0.3503472222222222,43.416666666666664,0.0,177.95833333333334,6.0,4.0,1.0,21.0,0.0,5.0,1.0,clinical
clinical_35,260.53622685185184,358.78327751937087,0.35555555555555557,86.75,0.0,422.3333333333333,17.0,9.0,17.0,43.0,0.0,57.0,0.0,clinical
clinical_36,239.31319444444443,402.79188955451485,0.38483796296296297,28.333333333333332,1.6666666666666667,307.8333333333333,15.0,8.0,12.0,32.0,1.0,40.0,1.0,clinical
clinical_37,132.95578703703703,229.82850617911518,0.4371527777777778,18.333333333333332,0.0,169.66666666666666,16.0,9.0,14.0,55.0,0.0,50.0,1.0,clinical
clinical_39,205.42974537037037,356.3908177138322,0.28229166666666666,49.5,1.1666666666666667,255.33333333333334,16.0,1.0,11.0,57.0,1.0,38.0,1.0,clinical
clinical_44,325.25208333333336,431.1535435288774,0.37604166666666666,116.83333333333333,0.0,551.5,5.0,1.0,13.0,9.0,0.0,20.0,1.0,clinical
clinical_46,114.81643518518518,233.547558792579,0.5641203703703704,21.5,0.6666666666666666,121.83333333333333,11.0,2.0,16.0,41.0,0.0,7.0,0.0,clinical
clinical_47,299.39074074074074,455.00669974128135,0.42662037037037037,118.16666666666667,0.0,416.1666666666667,2.0,1.0,5.0,34.0,1.0,14.0,1.0,clinical
clinical_50,185.43622685185184,376.72379729690283,0.28171296296296294,14.916666666666666,2.6666666666666665,181.66666666666666,15.0,14.0,10.0,35.0,0.0,47.0,0.0,clinical
clinical_56,282.4096064814815,492.3698325402359,0.3570601851851852,67.83333333333333,0.0,336.5,18.0,5.0,12.0,23.0,1.0,18.0,1.0,clinical
clinical_61,253.42210648148148,354.7767529196746,0.3371527777777778,85.33333333333333,0.0,399.8333333333333,2.0,0.0,2.0,48.0,1.0,27.0,0.0,clinical
clinical_64,194.30590277777776,287.6653167470542,0.38379629629629636,53.333333333333336,0.0,298.0,11.0,10.0,10.0,29.0,0.0,24.0,1.0,clinical
clinical_7,46.486408730158736,87.45232822546211,0.5716269841269842,10.0,0.7142857142857143,55.892857142857146,2.0,0.0,4.0,21.0,0.0,31.0,0.0,clinical
clinical_70,96.03888888888889,273.25261837256164,0.7656944444444445,0.0,0.0,39.3,16.0,6.0,9.0,34.0,1.0,33.0,1.0,clinical
clinical_79,171.6037037037037,316.52798625129753,0.40208333333333335,26.0,0.0,195.25,10.0,10.0,4.0,27.0,0.0,5.0,0.0,clinical
clinical_81,168.2843253968254,276.6359210295113,0.42777777777777776,25.142857142857142,0.0,227.67857142857142,16.0,6.0,9.0,34.0,1.0,17.0,1.0,clinical
clinical_89,313.89178240740745,442.8829591236511,0.4099537037037037,68.16666666666667,0.0,541.6666666666666,4.0,0.0,8.0,23.0,0.0,16.0,0.0,clinical
clinical_9,65.91836419753086,88.63756410806279,0.48564814814814816,34.0,9.444444444444445,93.97222222222223,6.0,2.0,6.0,33.0,0.0,61.0,0.0,clinical
clinical_93,261.4709490740741,403.5963412482243,0.3746527777777778,83.5,0.0,364.3333333333333,2.0,0.0,7.0,24.0,0.0,41.0,0.0,clinical
clinical_96,116.63432539682539,206.47024650134352,0.314781746031746,33.285714285714285,0.0,131.53571428571428,15.0,10.0,15.0,39.0,1.0,29.0,1.0,clinical
